timestamp,trial_label,ch1_theta,ch1_alpha,ch1_beta,ch1_gamma,ch2_theta,ch2_alpha,ch2_beta,ch2_gamma,ch3_theta,ch3_alpha,ch3_beta,ch3_gamma,ch4_theta,ch4_alpha,ch4_beta,ch4_gamma,ch5_theta,ch5_alpha,ch5_beta,ch5_gamma,ch6_theta,ch6_alpha,ch6_beta,ch6_gamma,ch7_theta,ch7_alpha,ch7_beta,ch7_gamma,ch8_theta,ch8_alpha,ch8_beta,ch8_gamma,avg_beta_alpha,avg_engagement_index
22:59:22.271,focus,6945819.942,2525589.863,2531048.76,518349.213,2394510.957,870123.131,873274.498,179697.976,131049.291,47802.7,48749.147,9926.01,2400384.687,872265.844,875406.875,180143.963,2396630.232,870890.528,874027.733,179853.414,233464.45,82882.012,83161.883,18027.069,1876.019,369.342,202.228,59.391,1217623.749,444021.149,445012.84,91682.839,0.9482,0.2454
22:59:22.407,focus,6945819.942,2525589.863,2531048.76,518349.213,2394510.957,870123.131,873274.498,179697.976,131049.291,47802.7,48749.147,9926.01,2400384.687,872265.844,875406.875,180143.963,2396630.232,870890.528,874027.733,179853.414,233464.45,82882.012,83161.883,18027.069,1876.019,369.342,202.228,59.391,1217623.749,444021.149,445012.84,91682.839,0.9482,0.2454
22:59:22.545,focus,6945819.942,2525589.863,2531048.76,518349.213,2394510.957,870123.131,873274.498,179697.976,131049.291,47802.7,48749.147,9926.01,2400384.687,872265.844,875406.875,180143.963,2396630.232,870890.528,874027.733,179853.414,233464.45,82882.012,83161.883,18027.069,1876.019,369.342,202.228,59.391,1217623.749,444021.149,445012.84,91682.839,0.9482,0.2454
22:59:22.668,focus,6973698.361,2534323.171,2527575.002,518072.045,2405637.76,876307.926,874108.732,179958.57,134671.355,49347.242,48787.73,9957.652,2411582.033,878461.776,876253.581,180399.878,2407796.891,877070.696,874875.75,180115.821,225108.016,77688.709,80866.52,17790.97,1676.921,335.241,197.232,61.172,1220221.556,443622.735,442943.822,91457.308,0.9508,0.2452
22:59:22.804,focus,6973698.361,2534323.171,2527575.002,518072.045,2405637.76,876307.926,874108.732,179958.57,134671.355,49347.242,48787.73,9957.652,2411582.033,878461.776,876253.581,180399.878,2407796.891,877070.696,874875.75,180115.821,225108.016,77688.709,80866.52,17790.97,1676.921,335.241,197.232,61.172,1220221.556,443622.735,442943.822,91457.308,0.9508,0.2452
22:59:22.939,focus,6973698.361,2534323.171,2527575.002,518072.045,2405637.76,876307.926,874108.732,179958.57,134671.355,49347.242,48787.73,9957.652,2411582.033,878461.776,876253.581,180399.878,2407796.891,877070.696,874875.75,180115.821,225108.016,77688.709,80866.52,17790.97,1676.921,335.241,197.232,61.172,1220221.556,443622.735,442943.822,91457.308,0.9508,0.2452
22:59:23.076,focus,6971038.227,2532993.871,2527543.41,518369.194,2399011.024,873253.019,871018.579,179494.161,132405.043,48851.226,48361.575,9907.094,2404867.805,875384.181,873183.199,179932.428,2401074.906,874016.338,871787.777,179651.095,226825.075,77883.527,80816.813,17866.573,1681.243,337.475,193.62,62.047,1216559.277,442384.383,441459.364,91086.625,0.9487,0.2448
22:59:23.210,focus,6971038.227,2532993.871,2527543.41,518369.194,2399011.024,873253.019,871018.579,179494.161,132405.043,48851.226,48361.575,9907.094,2404867.805,875384.181,873183.199,179932.428,2401074.906,874016.338,871787.777,179651.095,226825.075,77883.527,80816.813,17866.573,1681.243,337.475,193.62,62.047,1216559.277,442384.383,441459.364,91086.625,0.9487,0.2448
22:59:23.347,focus,6971038.227,2532993.871,2527543.41,518369.194,2399011.024,873253.019,871018.579,179494.161,132405.043,48851.226,48361.575,9907.094,2404867.805,875384.181,873183.199,179932.428,2401074.906,874016.338,871787.777,179651.095,226825.075,77883.527,80816.813,17866.573,1681.243,337.475,193.62,62.047,1216559.277,442384.383,441459.364,91086.625,0.9487,0.2448
22:59:23.485,focus,6971038.227,2532993.871,2527543.41,518369.194,2399011.024,873253.019,871018.579,179494.161,132405.043,48851.226,48361.575,9907.094,2404867.805,875384.181,873183.199,179932.428,2401074.906,874016.338,871787.777,179651.095,226825.075,77883.527,80816.813,17866.573,1681.243,337.475,193.62,62.047,1216559.277,442384.383,441459.364,91086.625,0.9487,0.2448
22:59:23.621,focus,6997161.59,2542946.828,2532562.786,518922.335,2404947.581,876605.167,871103.486,179298.48,132655.348,49197.381,47693.832,9760.222,2410838.885,878769.934,873228.883,179737.806,2407022.476,877348.774,871863.705,179458.744,221721.993,77816.157,82136.04,17550.831,1659.07,333.618,191.115,58.477,1217193.509,443610.14,440952.989,90941.613,0.9461,0.245
22:59:23.757,focus,6997161.59,2542946.828,2532562.786,518922.335,2404947.581,876605.167,871103.486,179298.48,132655.348,49197.381,47693.832,9760.222,2410838.885,878769.934,873228.883,179737.806,2407022.476,877348.774,871863.705,179458.744,221721.993,77816.157,82136.04,17550.831,1659.07,333.618,191.115,58.477,1217193.509,443610.14,440952.989,90941.613,0.9461,0.245
22:59:23.878,focus,6997161.59,2542946.828,2532562.786,518922.335,2404947.581,876605.167,871103.486,179298.48,132655.348,49197.381,47693.832,9760.222,2410838.885,878769.934,873228.883,179737.806,2407022.476,877348.774,871863.705,179458.744,221721.993,77816.157,82136.04,17550.831,1659.07,333.618,191.115,58.477,1217193.509,443610.14,440952.989,90941.613,0.9461,0.245
22:59:23.999,focus,6997161.59,2542946.828,2532562.786,518922.335,2404947.581,876605.167,871103.486,179298.48,132655.348,49197.381,47693.832,9760.222,2410838.885,878769.934,873228.883,179737.806,2407022.476,877348.774,871863.705,179458.744,221721.993,77816.157,82136.04,17550.831,1659.07,333.618,191.115,58.477,1217193.509,443610.14,440952.989,90941.613,0.9461,0.245
22:59:24.121,focus,7004976.106,2549759.257,2543743.724,520928.84,2397516.874,876534.687,873539.74,179752.488,129524.113,48650.605,47914.943,9721.09,2403427.437,878678.63,875694.857,180198.509,2399633.47,877271.148,874317.399,179905.695,228688.701,77954.559,79243.763,17181.801,1711.839,329.598,175.337,46.214,1215005.942,444945.816,443721.789,92100.798,0.9398,0.2434
22:59:24.244,focus,7004976.106,2549759.257,2543743.724,520928.84,2397516.874,876534.687,873539.74,179752.488,129524.113,48650.605,47914.943,9721.09,2403427.437,878678.63,875694.857,180198.509,2399633.47,877271.148,874317.399,179905.695,228688.701,77954.559,79243.763,17181.801,1711.839,329.598,175.337,46.214,1215005.942,444945.816,443721.789,92100.798,0.9398,0.2434
22:59:24.379,focus,7004976.106,2549759.257,2543743.724,520928.84,2397516.874,876534.687,873539.74,179752.488,129524.113,48650.605,47914.943,9721.09,2403427.437,878678.63,875694.857,180198.509,2399633.47,877271.148,874317.399,179905.695,228688.701,77954.559,79243.763,17181.801,1711.839,329.598,175.337,46.214,1215005.942,444945.816,443721.789,92100.798,0.9398,0.2434
22:59:24.514,focus,6985861.907,2526684.778,2531172.296,518717.616,2387388.735,862700.514,865298.45,178479.28,127006.763,45420.83,46041.577,9454.426,2393232.491,864820.139,867425.548,178911.57,2389475.593,863454.995,866066.871,178635.298,227562.959,84774.38,85893.459,17252.71,1453.968,275.837,173.03,90.165,1216744.165,439897.243,441684.875,91929.413,0.9586,0.2467
22:59:24.635,focus,6985861.907,2526684.778,2531172.296,518717.616,2387388.735,862700.514,865298.45,178479.28,127006.763,45420.83,46041.577,9454.426,2393232.491,864820.139,867425.548,178911.57,2389475.593,863454.995,866066.871,178635.298,227562.959,84774.38,85893.459,17252.71,1453.968,275.837,173.03,90.165,1216744.165,439897.243,441684.875,91929.413,0.9586,0.2467
22:59:24.755,focus,6985861.907,2526684.778,2531172.296,518717.616,2387388.735,862700.514,865298.45,178479.28,127006.763,45420.83,46041.577,9454.426,2393232.491,864820.139,867425.548,178911.57,2389475.593,863454.995,866066.871,178635.298,227562.959,84774.38,85893.459,17252.71,1453.968,275.837,173.03,90.165,1216744.165,439897.243,441684.875,91929.413,0.9586,0.2467
22:59:24.879,focus,6985861.907,2526684.778,2531172.296,518717.616,2387388.735,862700.514,865298.45,178479.28,127006.763,45420.83,46041.577,9454.426,2393232.491,864820.139,867425.548,178911.57,2389475.593,863454.995,866066.871,178635.298,227562.959,84774.38,85893.459,17252.71,1453.968,275.837,173.03,90.165,1216744.165,439897.243,441684.875,91929.413,0.9586,0.2467
22:59:25.001,focus,7103403.782,2558980.99,2560917.776,524226.104,2417417.811,870496.658,872188.612,179507.791,136277.985,47782.777,48209.273,9807.754,2423334.352,872647.45,874329.505,179943.932,2419501.882,871272.463,872924.016,179666.607,213596.608,78112.535,76554.302,17624.344,1081.964,119.981,32.116,34.551,1226825.764,443291.339,444592.245,92315.728,0.9083,0.2348
22:59:25.138,focus,7103403.782,2558980.99,2560917.776,524226.104,2417417.811,870496.658,872188.612,179507.791,136277.985,47782.777,48209.273,9807.754,2423334.352,872647.45,874329.505,179943.932,2419501.882,871272.463,872924.016,179666.607,213596.608,78112.535,76554.302,17624.344,1081.964,119.981,32.116,34.551,1226825.764,443291.339,444592.245,92315.728,0.9083,0.2348
22:59:25.274,focus,7103403.782,2558980.99,2560917.776,524226.104,2417417.811,870496.658,872188.612,179507.791,136277.985,47782.777,48209.273,9807.754,2423334.352,872647.45,874329.505,179943.932,2419501.882,871272.463,872924.016,179666.607,213596.608,78112.535,76554.302,17624.344,1081.964,119.981,32.116,34.551,1226825.764,443291.339,444592.245,92315.728,0.9083,0.2348
22:59:25.396,focus,7103403.782,2558980.99,2560917.776,524226.104,2417417.811,870496.658,872188.612,179507.791,136277.985,47782.777,48209.273,9807.754,2423334.352,872647.45,874329.505,179943.932,2419501.882,871272.463,872924.016,179666.607,213596.608,78112.535,76554.302,17624.344,1081.964,119.981,32.116,34.551,1226825.764,443291.339,444592.245,92315.728,0.9083,0.2348
22:59:25.520,focus,7206803.231,2572857.168,2582590.453,528572.53,2445720.606,870420.287,876042.778,180726.084,144906.148,48365.159,49609.817,10142.148,2451685.918,872566.687,878197.291,181170.265,2447811.363,871186.704,876793.852,180894.377,197627.898,79194.798,77499.889,16650.589,1546.767,135.712,139.002,41.249,1236776.401,443081.592,445447.031,92721.777,1.0071,0.2426
22:59:25.652,focus,7206803.231,2572857.168,2582590.453,528572.53,2445720.606,870420.287,876042.778,180726.084,144906.148,48365.159,49609.817,10142.148,2451685.918,872566.687,878197.291,181170.265,2447811.363,871186.704,876793.852,180894.377,197627.898,79194.798,77499.889,16650.589,1546.767,135.712,139.002,41.249,1236776.401,443081.592,445447.031,92721.777,1.0071,0.2426
22:59:25.776,focus,7206803.231,2572857.168,2582590.453,528572.53,2445720.606,870420.287,876042.778,180726.084,144906.148,48365.159,49609.817,10142.148,2451685.918,872566.687,878197.291,181170.265,2447811.363,871186.704,876793.852,180894.377,197627.898,79194.798,77499.889,16650.589,1546.767,135.712,139.002,41.249,1236776.401,443081.592,445447.031,92721.777,1.0071,0.2426
22:59:25.912,focus,7206803.231,2572857.168,2582590.453,528572.53,2445720.606,870420.287,876042.778,180726.084,144906.148,48365.159,49609.817,10142.148,2451685.918,872566.687,878197.291,181170.265,2447811.363,871186.704,876793.852,180894.377,197627.898,79194.798,77499.889,16650.589,1546.767,135.712,139.002,41.249,1236776.401,443081.592,445447.031,92721.777,1.0071,0.2426
22:59:26.047,focus,7089697.784,2572211.741,2570742.513,528440.873,2407193.916,872943.468,872276.792,179279.309,131008.248,47934.991,47836.523,9731.714,2413132.661,875093.905,874375.285,179717.339,2409287.709,873732.219,873027.791,179432.532,213691.844,75481.25,78560.405,16296.82,191.128,61.559,42.576,48.374,1226623.179,444878.234,444936.455,92123.288,0.9659,0.2547
22:59:26.170,focus,7089697.784,2572211.741,2570742.513,528440.873,2407193.916,872943.468,872276.792,179279.309,131008.248,47934.991,47836.523,9731.714,2413132.661,875093.905,874375.285,179717.339,2409287.709,873732.219,873027.791,179432.532,213691.844,75481.25,78560.405,16296.82,191.128,61.559,42.576,48.374,1226623.179,444878.234,444936.455,92123.288,0.9659,0.2547
22:59:26.303,focus,7089697.784,2572211.741,2570742.513,528440.873,2407193.916,872943.468,872276.792,179279.309,131008.248,47934.991,47836.523,9731.714,2413132.661,875093.905,874375.285,179717.339,2409287.709,873732.219,873027.791,179432.532,213691.844,75481.25,78560.405,16296.82,191.128,61.559,42.576,48.374,1226623.179,444878.234,444936.455,92123.288,0.9659,0.2547
22:59:26.424,focus,7116117.579,2576417.162,2576127.64,529648.888,2410079.662,871844.893,871852.303,179546.694,131836.731,47505.89,47455.128,9750.185,2415983.339,873995.332,873995.058,179984.929,2412171.416,872618.326,872611.437,179711.469,214126.444,78461.363,79962.203,16218.796,178.286,56.869,37.419,39.065,1226233.43,443686.1,444128.135,92288.058,0.9596,0.2532
22:59:26.547,focus,7116117.579,2576417.162,2576127.64,529648.888,2410079.662,871844.893,871852.303,179546.694,131836.731,47505.89,47455.128,9750.185,2415983.339,873995.332,873995.058,179984.929,2412171.416,872618.326,872611.437,179711.469,214126.444,78461.363,79962.203,16218.796,178.286,56.869,37.419,39.065,1226233.43,443686.1,444128.135,92288.058,0.9596,0.2532
22:59:26.669,focus,7116117.579,2576417.162,2576127.64,529648.888,2410079.662,871844.893,871852.303,179546.694,131836.731,47505.89,47455.128,9750.185,2415983.339,873995.332,873995.058,179984.929,2412171.416,872618.326,872611.437,179711.469,214126.444,78461.363,79962.203,16218.796,178.286,56.869,37.419,39.065,1226233.43,443686.1,444128.135,92288.058,0.9596,0.2532
22:59:26.789,focus,7116117.579,2576417.162,2576127.64,529648.888,2410079.662,871844.893,871852.303,179546.694,131836.731,47505.89,47455.128,9750.185,2415983.339,873995.332,873995.058,179984.929,2412171.416,872618.326,872611.437,179711.469,214126.444,78461.363,79962.203,16218.796,178.286,56.869,37.419,39.065,1226233.43,443686.1,444128.135,92288.058,0.9596,0.2532
22:59:26.918,focus,7118093.534,2579460.311,2580340.592,529559.695,2407134.976,873019.246,873618.268,179330.481,130503.051,47644.616,47765.833,9665.137,2413067.675,875172.728,875755.232,179766.33,2409248.926,873805.999,874376.602,179483.529,214790.906,77577.552,76948.97,16926.341,181.583,52.711,38.283,44.308,1226909.847,444951.799,445499.362,92241.873,0.9655,0.2533
22:59:27.048,focus,7118093.534,2579460.311,2580340.592,529559.695,2407134.976,873019.246,873618.268,179330.481,130503.051,47644.616,47765.833,9665.137,2413067.675,875172.728,875755.232,179766.33,2409248.926,873805.999,874376.602,179483.529,214790.906,77577.552,76948.97,16926.341,181.583,52.711,38.283,44.308,1226909.847,444951.799,445499.362,92241.873,0.9655,0.2533
22:59:27.171,focus,7118093.534,2579460.311,2580340.592,529559.695,2407134.976,873019.246,873618.268,179330.481,130503.051,47644.616,47765.833,9665.137,2413067.675,875172.728,875755.232,179766.33,2409248.926,873805.999,874376.602,179483.529,214790.906,77577.552,76948.97,16926.341,181.583,52.711,38.283,44.308,1226909.847,444951.799,445499.362,92241.873,0.9655,0.2533
22:59:27.309,focus,7118093.534,2579460.311,2580340.592,529559.695,2407134.976,873019.246,873618.268,179330.481,130503.051,47644.616,47765.833,9665.137,2413067.675,875172.728,875755.232,179766.33,2409248.926,873805.999,874376.602,179483.529,214790.906,77577.552,76948.97,16926.341,181.583,52.711,38.283,44.308,1226909.847,444951.799,445499.362,92241.873,0.9655,0.2533
22:59:27.429,focus,7142369.668,2581040.885,2581888.759,529871.997,2410838.654,870276.099,871216.167,179150.265,132654.93,47307.036,47510.721,9653.394,2416796.447,872417.496,873352.063,179589.601,2412952.098,871074.429,871954.136,179309.242,211966.265,78188.955,78617.22,17313.08,174.823,52.238,39.282,43.147,1229690.477,444032.622,445210.086,92345.392,0.971,0.2545
22:59:27.555,focus,7142369.668,2581040.885,2581888.759,529871.997,2410838.654,870276.099,871216.167,179150.265,132654.93,47307.036,47510.721,9653.394,2416796.447,872417.496,873352.063,179589.601,2412952.098,871074.429,871954.136,179309.242,211966.265,78188.955,78617.22,17313.08,174.823,52.238,39.282,43.147,1229690.477,444032.622,445210.086,92345.392,0.971,0.2545
22:59:27.687,focus,7142369.668,2581040.885,2581888.759,529871.997,2410838.654,870276.099,871216.167,179150.265,132654.93,47307.036,47510.721,9653.394,2416796.447,872417.496,873352.063,179589.601,2412952.098,871074.429,871954.136,179309.242,211966.265,78188.955,78617.22,17313.08,174.823,52.238,39.282,43.147,1229690.477,444032.622,445210.086,92345.392,0.971,0.2545
22:59:27.810,focus,7142369.668,2581040.885,2581888.759,529871.997,2410838.654,870276.099,871216.167,179150.265,132654.93,47307.036,47510.721,9653.394,2416796.447,872417.496,873352.063,179589.601,2412952.098,871074.429,871954.136,179309.242,211966.265,78188.955,78617.22,17313.08,174.823,52.238,39.282,43.147,1229690.477,444032.622,445210.086,92345.392,0.971,0.2545
22:59:27.946,focus,7144335.418,2587681.694,2587150.028,534425.835,2407195.757,871952.614,871149.473,179400.698,132215.916,47875.542,47699.082,9891.504,2413088.362,874091.681,873272.481,179838.184,2409296.598,872751.512,871917.067,179562.085,214699.697,78719.577,79353.077,16228.388,176.464,50.362,51.392,54.319,1228450.347,445054.372,444370.523,91513.037,1.0025,0.2613
22:59:28.079,focus,7144335.418,2587681.694,2587150.028,534425.835,2407195.757,871952.614,871149.473,179400.698,132215.916,47875.542,47699.082,9891.504,2413088.362,874091.681,873272.481,179838.184,2409296.598,872751.512,871917.067,179562.085,214699.697,78719.577,79353.077,16228.388,176.464,50.362,51.392,54.319,1228450.347,445054.372,444370.523,91513.037,1.0025,0.2613
22:59:28.202,focus,7144335.418,2587681.694,2587150.028,534425.835,2407195.757,871952.614,871149.473,179400.698,132215.916,47875.542,47699.082,9891.504,2413088.362,874091.681,873272.481,179838.184,2409296.598,872751.512,871917.067,179562.085,214699.697,78719.577,79353.077,16228.388,176.464,50.362,51.392,54.319,1228450.347,445054.372,444370.523,91513.037,1.0025,0.2613
22:59:28.338,focus,7144335.418,2587681.694,2587150.028,534425.835,2407195.757,871952.614,871149.473,179400.698,132215.916,47875.542,47699.082,9891.504,2413088.362,874091.681,873272.481,179838.184,2409296.598,872751.512,871917.067,179562.085,214699.697,78719.577,79353.077,16228.388,176.464,50.362,51.392,54.319,1228450.347,445054.372,444370.523,91513.037,1.0025,0.2613
22:59:28.461,focus,7134834.597,2589291.005,2589871.717,534767.321,2405312.265,873639.022,872520.003,179633.365,132279.39,48521.526,48358.574,9977.719,2411198.23,875796.998,874651.29,180069.65,2407414.897,874406.329,873275.767,179784.67,214998.901,76479.957,79169.716,15798.551,131.215,47.511,47.968,54.754,1227682.093,445924.591,444935.732,91696.769,1.0044,0.2672
22:59:28.583,focus,7134834.597,2589291.005,2589871.717,534767.321,2405312.265,873639.022,872520.003,179633.365,132279.39,48521.526,48358.574,9977.719,2411198.23,875796.998,874651.29,180069.65,2407414.897,874406.329,873275.767,179784.67,214998.901,76479.957,79169.716,15798.551,131.215,47.511,47.968,54.754,1227682.093,445924.591,444935.732,91696.769,1.0044,0.2672
22:59:28.719,focus,7134834.597,2589291.005,2589871.717,534767.321,2405312.265,873639.022,872520.003,179633.365,132279.39,48521.526,48358.574,9977.719,2411198.23,875796.998,874651.29,180069.65,2407414.897,874406.329,873275.767,179784.67,214998.901,76479.957,79169.716,15798.551,131.215,47.511,47.968,54.754,1227682.093,445924.591,444935.732,91696.769,1.0044,0.2672
22:59:28.855,focus,7138539.313,2585979.383,2585627.621,532761.666,2404210.19,870011.212,869977.665,178608.432,131406.883,47316.928,47299.743,9654.127,2410138.574,872123.52,872102.602,179039.991,2406337.368,870746.575,870726.385,178760.923,213109.512,78727.19,78336.531,16341.167,146.947,44.856,52.609,56.996,1225722.284,443704.447,444081.543,91266.234,1.021,0.267
22:59:28.990,focus,7138539.313,2585979.383,2585627.621,532761.666,2404210.19,870011.212,869977.665,178608.432,131406.883,47316.928,47299.743,9654.127,2410138.574,872123.52,872102.602,179039.991,2406337.368,870746.575,870726.385,178760.923,213109.512,78727.19,78336.531,16341.167,146.947,44.856,52.609,56.996,1225722.284,443704.447,444081.543,91266.234,1.021,0.267
22:59:29.114,focus,7138539.313,2585979.383,2585627.621,532761.666,2404210.19,870011.212,869977.665,178608.432,131406.883,47316.928,47299.743,9654.127,2410138.574,872123.52,872102.602,179039.991,2406337.368,870746.575,870726.385,178760.923,213109.512,78727.19,78336.531,16341.167,146.947,44.856,52.609,56.996,1225722.284,443704.447,444081.543,91266.234,1.021,0.267
22:59:29.248,focus,7138539.313,2585979.383,2585627.621,532761.666,2404210.19,870011.212,869977.665,178608.432,131406.883,47316.928,47299.743,9654.127,2410138.574,872123.52,872102.602,179039.991,2406337.368,870746.575,870726.385,178760.923,213109.512,78727.19,78336.531,16341.167,146.947,44.856,52.609,56.996,1225722.284,443704.447,444081.543,91266.234,1.021,0.267
22:59:29.383,focus,7183090.834,2608849.135,2611427.291,538665.121,2409903.209,877525.303,879230.441,180768.752,133862.842,49720.029,50230.177,10283.202,2415782.537,879665.563,881366.235,181215.283,2412018.821,878286.428,879987.202,180922.476,213315.464,75705.713,73430.66,15377.197,139.235,70.137,98.924,61.76,1226817.108,445349.703,447252.813,92220.157,1.0502,0.2921
22:59:29.506,focus,7183090.834,2608849.135,2611427.291,538665.121,2409903.209,877525.303,879230.441,180768.752,133862.842,49720.029,50230.177,10283.202,2415782.537,879665.563,881366.235,181215.283,2412018.821,878286.428,879987.202,180922.476,213315.464,75705.713,73430.66,15377.197,139.235,70.137,98.924,61.76,1226817.108,445349.703,447252.813,92220.157,1.0502,0.2921
22:59:29.644,focus,7183090.834,2608849.135,2611427.291,538665.121,2409903.209,877525.303,879230.441,180768.752,133862.842,49720.029,50230.177,10283.202,2415782.537,879665.563,881366.235,181215.283,2412018.821,878286.428,879987.202,180922.476,213315.464,75705.713,73430.66,15377.197,139.235,70.137,98.924,61.76,1226817.108,445349.703,447252.813,92220.157,1.0502,0.2921
22:59:29.775,focus,7183090.834,2608849.135,2611427.291,538665.121,2409903.209,877525.303,879230.441,180768.752,133862.842,49720.029,50230.177,10283.202,2415782.537,879665.563,881366.235,181215.283,2412018.821,878286.428,879987.202,180922.476,213315.464,75705.713,73430.66,15377.197,139.235,70.137,98.924,61.76,1226817.108,445349.703,447252.813,92220.157,1.0502,0.2921
22:59:29.899,focus,7217620.712,2608015.633,2610185.128,537270.562,2423322.131,873739.69,875247.369,179700.242,138089.611,48993.078,49297.678,10069.222,2429256.069,875871.844,877401.439,180139.867,2425390.327,874485.193,876013.305,179854.344,208145.883,78255.826,77430.827,15413.787,45.769,21.227,34.279,46.494,1244593.35,448536.993,447127.595,90523.938,1.0767,0.2965
22:59:30.033,focus,7217620.712,2608015.633,2610185.128,537270.562,2423322.131,873739.69,875247.369,179700.242,138089.611,48993.078,49297.678,10069.222,2429256.069,875871.844,877401.439,180139.867,2425390.327,874485.193,876013.305,179854.344,208145.883,78255.826,77430.827,15413.787,45.769,21.227,34.279,46.494,1244593.35,448536.993,447127.595,90523.938,1.0767,0.2965
22:59:30.156,focus,7217620.712,2608015.633,2610185.128,537270.562,2423322.131,873739.69,875247.369,179700.242,138089.611,48993.078,49297.678,10069.222,2429256.069,875871.844,877401.439,180139.867,2425390.327,874485.193,876013.305,179854.344,208145.883,78255.826,77430.827,15413.787,45.769,21.227,34.279,46.494,1244593.35,448536.993,447127.595,90523.938,1.0767,0.2965
22:59:30.294,focus,14255057.2,2468889.329,3259765.002,641164.587,4245402.753,4202530.465,2305364.044,293559.147,1173341.028,271432.398,480736.116,144513.658,6860832.599,5504397.065,2971615.706,524918.846,3864281.965,4070902.852,2227645.853,532851.171,702506.566,650966.65,769637.345,106899.87,2353931.378,434137.811,427321.194,26369.786,7470746.778,3497198.532,5589264.468,663013.02,1.0615,0.3191
22:59:30.428,focus,14255057.2,2468889.329,3259765.002,641164.587,4245402.753,4202530.465,2305364.044,293559.147,1173341.028,271432.398,480736.116,144513.658,6860832.599,5504397.065,2971615.706,524918.846,3864281.965,4070902.852,2227645.853,532851.171,702506.566,650966.65,769637.345,106899.87,2353931.378,434137.811,427321.194,26369.786,7470746.778,3497198.532,5589264.468,663013.02,1.0615,0.3191
22:59:30.553,focus,14255057.2,2468889.329,3259765.002,641164.587,4245402.753,4202530.465,2305364.044,293559.147,1173341.028,271432.398,480736.116,144513.658,6860832.599,5504397.065,2971615.706,524918.846,3864281.965,4070902.852,2227645.853,532851.171,702506.566,650966.65,769637.345,106899.87,2353931.378,434137.811,427321.194,26369.786,7470746.778,3497198.532,5589264.468,663013.02,1.0615,0.3191
22:59:30.685,focus,14255057.2,2468889.329,3259765.002,641164.587,4245402.753,4202530.465,2305364.044,293559.147,1173341.028,271432.398,480736.116,144513.658,6860832.599,5504397.065,2971615.706,524918.846,3864281.965,4070902.852,2227645.853,532851.171,702506.566,650966.65,769637.345,106899.87,2353931.378,434137.811,427321.194,26369.786,7470746.778,3497198.532,5589264.468,663013.02,1.0615,0.3191
22:59:30.807,focus,15833677.806,4612086.731,3315403.906,546745.529,10031561.011,2999009.82,2613785.704,409616.584,4363206.681,1589423.746,819163.398,333688.649,12278240.396,3595629.588,1561616.273,281749.134,5432860.73,9146522.686,2775450.249,385528.535,2606419.705,1428558.189,1104410.672,108005.598,2876337.563,590220.393,410850.244,13950.608,6813228.586,3984636.679,5191098.408,736406.263,0.7019,0.2078
22:59:30.941,focus,15833677.806,4612086.731,3315403.906,546745.529,10031561.011,2999009.82,2613785.704,409616.584,4363206.681,1589423.746,819163.398,333688.649,12278240.396,3595629.588,1561616.273,281749.134,5432860.73,9146522.686,2775450.249,385528.535,2606419.705,1428558.189,1104410.672,108005.598,2876337.563,590220.393,410850.244,13950.608,6813228.586,3984636.679,5191098.408,736406.263,0.7019,0.2078
22:59:31.076,focus,15833677.806,4612086.731,3315403.906,546745.529,10031561.011,2999009.82,2613785.704,409616.584,4363206.681,1589423.746,819163.398,333688.649,12278240.396,3595629.588,1561616.273,281749.134,5432860.73,9146522.686,2775450.249,385528.535,2606419.705,1428558.189,1104410.672,108005.598,2876337.563,590220.393,410850.244,13950.608,6813228.586,3984636.679,5191098.408,736406.263,0.7019,0.2078
22:59:31.205,focus,15833677.806,4612086.731,3315403.906,546745.529,10031561.011,2999009.82,2613785.704,409616.584,4363206.681,1589423.746,819163.398,333688.649,12278240.396,3595629.588,1561616.273,281749.134,5432860.73,9146522.686,2775450.249,385528.535,2606419.705,1428558.189,1104410.672,108005.598,2876337.563,590220.393,410850.244,13950.608,6813228.586,3984636.679,5191098.408,736406.263,0.7019,0.2078
22:59:31.338,focus,20053207.231,4798259.513,3559662.578,588458.691,11084791.463,3943880.515,3791154.686,448508.128,5035246.109,3529009.695,2171482.852,634248.554,17282792.089,4856041.243,2972958.429,331065.585,14787562.958,12113057.226,4273469.918,569194.985,2412419.806,1416612.81,1055501.105,119511.369,3141751.732,598450.896,474900.465,23588.563,7850648.38,4803492.35,6083847.86,942484.065,0.7611,0.2282
22:59:31.462,focus,20053207.231,4798259.513,3559662.578,588458.691,11084791.463,3943880.515,3791154.686,448508.128,5035246.109,3529009.695,2171482.852,634248.554,17282792.089,4856041.243,2972958.429,331065.585,14787562.958,12113057.226,4273469.918,569194.985,2412419.806,1416612.81,1055501.105,119511.369,3141751.732,598450.896,474900.465,23588.563,7850648.38,4803492.35,6083847.86,942484.065,0.7611,0.2282
22:59:31.596,focus,20053207.231,4798259.513,3559662.578,588458.691,11084791.463,3943880.515,3791154.686,448508.128,5035246.109,3529009.695,2171482.852,634248.554,17282792.089,4856041.243,2972958.429,331065.585,14787562.958,12113057.226,4273469.918,569194.985,2412419.806,1416612.81,1055501.105,119511.369,3141751.732,598450.896,474900.465,23588.563,7850648.38,4803492.35,6083847.86,942484.065,0.7611,0.2282
22:59:31.722,focus,21431290.754,7005372.067,5407339.045,937298.875,12104796.005,7963112.465,5988386.205,1439139.953,8261777.743,5678966.471,4435174.042,913222.586,15990383.784,4739508.321,3084945.876,441350.542,20888924.634,13099460.7,6480150.39,519353.781,2829335.86,1840202.597,1268068.935,154398.72,3443839.615,664286.164,559323.556,38210.702,7703761.566,4549404.863,6769368.341,1135656.012,0.8087,0.2633
22:59:31.858,focus,21431290.754,7005372.067,5407339.045,937298.875,12104796.005,7963112.465,5988386.205,1439139.953,8261777.743,5678966.471,4435174.042,913222.586,15990383.784,4739508.321,3084945.876,441350.542,20888924.634,13099460.7,6480150.39,519353.781,2829335.86,1840202.597,1268068.935,154398.72,3443839.615,664286.164,559323.556,38210.702,7703761.566,4549404.863,6769368.341,1135656.012,0.8087,0.2633
22:59:31.993,focus,21431290.754,7005372.067,5407339.045,937298.875,12104796.005,7963112.465,5988386.205,1439139.953,8261777.743,5678966.471,4435174.042,913222.586,15990383.784,4739508.321,3084945.876,441350.542,20888924.634,13099460.7,6480150.39,519353.781,2829335.86,1840202.597,1268068.935,154398.72,3443839.615,664286.164,559323.556,38210.702,7703761.566,4549404.863,6769368.341,1135656.012,0.8087,0.2633
22:59:32.132,focus,21431290.754,7005372.067,5407339.045,937298.875,12104796.005,7963112.465,5988386.205,1439139.953,8261777.743,5678966.471,4435174.042,913222.586,15990383.784,4739508.321,3084945.876,441350.542,20888924.634,13099460.7,6480150.39,519353.781,2829335.86,1840202.597,1268068.935,154398.72,3443839.615,664286.164,559323.556,38210.702,7703761.566,4549404.863,6769368.341,1135656.012,0.8087,0.2633
22:59:32.269,focus,35924178.332,6935533.805,10794568.655,1356164.066,18620504.057,7866661.558,12248472.455,1751606.083,21088999.912,8472978.798,6461664.744,1156976.621,28302002.796,5698964.034,4109963.576,887703.098,22352729.53,20260764.315,12424069.513,1389437.155,4163963.41,2070975.303,2522639.931,401940.387,3645051.529,1303900.997,1282845.24,177122.812,9013129.75,5200906.512,7487305.509,1195425.877,1.1065,0.317
22:59:32.403,focus,35924178.332,6935533.805,10794568.655,1356164.066,18620504.057,7866661.558,12248472.455,1751606.083,21088999.912,8472978.798,6461664.744,1156976.621,28302002.796,5698964.034,4109963.576,887703.098,22352729.53,20260764.315,12424069.513,1389437.155,4163963.41,2070975.303,2522639.931,401940.387,3645051.529,1303900.997,1282845.24,177122.812,9013129.75,5200906.512,7487305.509,1195425.877,1.1065,0.317
22:59:32.529,focus,35924178.332,6935533.805,10794568.655,1356164.066,18620504.057,7866661.558,12248472.455,1751606.083,21088999.912,8472978.798,6461664.744,1156976.621,28302002.796,5698964.034,4109963.576,887703.098,22352729.53,20260764.315,12424069.513,1389437.155,4163963.41,2070975.303,2522639.931,401940.387,3645051.529,1303900.997,1282845.24,177122.812,9013129.75,5200906.512,7487305.509,1195425.877,1.1065,0.317
22:59:32.664,focus,35924178.332,6935533.805,10794568.655,1356164.066,18620504.057,7866661.558,12248472.455,1751606.083,21088999.912,8472978.798,6461664.744,1156976.621,28302002.796,5698964.034,4109963.576,887703.098,22352729.53,20260764.315,12424069.513,1389437.155,4163963.41,2070975.303,2522639.931,401940.387,3645051.529,1303900.997,1282845.24,177122.812,9013129.75,5200906.512,7487305.509,1195425.877,1.1065,0.317
22:59:32.803,focus,31761319.673,10575613.938,10291544.922,1711550.183,27190517.591,10346292.778,11794933.309,2123882.776,21866924.921,12187719.739,7382551.339,1302266.324,31030422.66,7656134.173,5889377.719,796396.659,23590418.531,21478902.881,15276568.278,1594941.72,4730963.353,2352222.281,2718337.151,508120.691,3909821.882,1613694.792,1744521.459,231121.334,8726991.368,5660983.476,8633618.404,1558847.68,0.9951,0.3206
22:59:32.939,focus,31761319.673,10575613.938,10291544.922,1711550.183,27190517.591,10346292.778,11794933.309,2123882.776,21866924.921,12187719.739,7382551.339,1302266.324,31030422.66,7656134.173,5889377.719,796396.659,23590418.531,21478902.881,15276568.278,1594941.72,4730963.353,2352222.281,2718337.151,508120.691,3909821.882,1613694.792,1744521.459,231121.334,8726991.368,5660983.476,8633618.404,1558847.68,0.9951,0.3206
22:59:33.073,focus,31761319.673,10575613.938,10291544.922,1711550.183,27190517.591,10346292.778,11794933.309,2123882.776,21866924.921,12187719.739,7382551.339,1302266.324,31030422.66,7656134.173,5889377.719,796396.659,23590418.531,21478902.881,15276568.278,1594941.72,4730963.353,2352222.281,2718337.151,508120.691,3909821.882,1613694.792,1744521.459,231121.334,8726991.368,5660983.476,8633618.404,1558847.68,0.9951,0.3206
22:59:33.211,focus,31052416.522,10599428.473,10576573.908,1690068.502,34265681.642,20813840.725,19657012.394,3150313.81,25917041.389,12645871.65,7972085.429,1328167.295,35011333.241,6669940.058,7842457.961,989956.091,34721734.255,24871247.337,15573508.969,2008779.886,4891935.727,2415147.756,3008768.197,528904.897,4464151.999,1763926.369,2170141.104,304943.576,9465913.256,5965637.711,9379059.079,1599688.514,1.0529,0.3294
22:59:33.347,focus,31052416.522,10599428.473,10576573.908,1690068.502,34265681.642,20813840.725,19657012.394,3150313.81,25917041.389,12645871.65,7972085.429,1328167.295,35011333.241,6669940.058,7842457.961,989956.091,34721734.255,24871247.337,15573508.969,2008779.886,4891935.727,2415147.756,3008768.197,528904.897,4464151.999,1763926.369,2170141.104,304943.576,9465913.256,5965637.711,9379059.079,1599688.514,1.0529,0.3294
22:59:33.481,focus,31052416.522,10599428.473,10576573.908,1690068.502,34265681.642,20813840.725,19657012.394,3150313.81,25917041.389,12645871.65,7972085.429,1328167.295,35011333.241,6669940.058,7842457.961,989956.091,34721734.255,24871247.337,15573508.969,2008779.886,4891935.727,2415147.756,3008768.197,528904.897,4464151.999,1763926.369,2170141.104,304943.576,9465913.256,5965637.711,9379059.079,1599688.514,1.0529,0.3294
22:59:33.619,focus,31052416.522,10599428.473,10576573.908,1690068.502,34265681.642,20813840.725,19657012.394,3150313.81,25917041.389,12645871.65,7972085.429,1328167.295,35011333.241,6669940.058,7842457.961,989956.091,34721734.255,24871247.337,15573508.969,2008779.886,4891935.727,2415147.756,3008768.197,528904.897,4464151.999,1763926.369,2170141.104,304943.576,9465913.256,5965637.711,9379059.079,1599688.514,1.0529,0.3294
22:59:33.757,focus,34480738.716,12291807.701,10684259.994,1809830.938,42877012.605,19290992.311,16969393.934,3105693.14,28607478.321,13928378.838,9912438.392,1528268.286,43708612.575,10694561.306,10588300.131,2070289.278,41413918.748,25779779.816,17823189.731,2675285.455,5222859.954,2578151.612,3431441.043,580091.51,4933456.259,1810063.309,2248927.953,310134.77,10011233.719,7268090.067,11292218.76,2346524.27,1.0336,0.3276
22:59:33.893,focus,34480738.716,12291807.701,10684259.994,1809830.938,42877012.605,19290992.311,16969393.934,3105693.14,28607478.321,13928378.838,9912438.392,1528268.286,43708612.575,10694561.306,10588300.131,2070289.278,41413918.748,25779779.816,17823189.731,2675285.455,5222859.954,2578151.612,3431441.043,580091.51,4933456.259,1810063.309,2248927.953,310134.77,10011233.719,7268090.067,11292218.76,2346524.27,1.0336,0.3276
22:59:34.025,focus,34480738.716,12291807.701,10684259.994,1809830.938,42877012.605,19290992.311,16969393.934,3105693.14,28607478.321,13928378.838,9912438.392,1528268.286,43708612.575,10694561.306,10588300.131,2070289.278,41413918.748,25779779.816,17823189.731,2675285.455,5222859.954,2578151.612,3431441.043,580091.51,4933456.259,1810063.309,2248927.953,310134.77,10011233.719,7268090.067,11292218.76,2346524.27,1.0336,0.3276
22:59:34.149,focus,20055237.144,11088109.909,8698970.33,1580881.596,52018047.147,19961248.3,18425996.489,3482500.304,30429333.785,13769311.739,9797802.66,1726700.596,39547745.079,9998679.055,11329875.489,2453620.08,48018974.859,25310002.951,28157566.688,5571633.747,5971208.85,2313187.162,3840358.427,1049016.315,4779034.573,1909107.553,2572202.382,610650.117,4310900.225,3646690.677,6721998.222,1859395.302,1.1895,0.3828
22:59:34.286,focus,20055237.144,11088109.909,8698970.33,1580881.596,52018047.147,19961248.3,18425996.489,3482500.304,30429333.785,13769311.739,9797802.66,1726700.596,39547745.079,9998679.055,11329875.489,2453620.08,48018974.859,25310002.951,28157566.688,5571633.747,5971208.85,2313187.162,3840358.427,1049016.315,4779034.573,1909107.553,2572202.382,610650.117,4310900.225,3646690.677,6721998.222,1859395.302,1.1895,0.3828
22:59:34.410,focus,20055237.144,11088109.909,8698970.33,1580881.596,52018047.147,19961248.3,18425996.489,3482500.304,30429333.785,13769311.739,9797802.66,1726700.596,39547745.079,9998679.055,11329875.489,2453620.08,48018974.859,25310002.951,28157566.688,5571633.747,5971208.85,2313187.162,3840358.427,1049016.315,4779034.573,1909107.553,2572202.382,610650.117,4310900.225,3646690.677,6721998.222,1859395.302,1.1895,0.3828
22:59:34.547,focus,20055237.144,11088109.909,8698970.33,1580881.596,52018047.147,19961248.3,18425996.489,3482500.304,30429333.785,13769311.739,9797802.66,1726700.596,39547745.079,9998679.055,11329875.489,2453620.08,48018974.859,25310002.951,28157566.688,5571633.747,5971208.85,2313187.162,3840358.427,1049016.315,4779034.573,1909107.553,2572202.382,610650.117,4310900.225,3646690.677,6721998.222,1859395.302,1.1895,0.3828
22:59:34.684,focus,26303869.075,10413564.617,11020319.7,1861074.719,42385653.677,21191125.428,18630867.528,3230977.921,31539461.071,18344308.916,11317744.888,1813498.426,31361999.894,13786690.867,12118992.035,2252433.906,48389520.699,19926700.787,28077087.085,5666676.834,6377504.353,1768723.876,4903503.63,1221190.633,4293834.064,4067316.886,3579419.583,740273.019,5267842.0,4029689.798,8172781.812,1961120.859,1.3154,0.4261
22:59:34.821,focus,26303869.075,10413564.617,11020319.7,1861074.719,42385653.677,21191125.428,18630867.528,3230977.921,31539461.071,18344308.916,11317744.888,1813498.426,31361999.894,13786690.867,12118992.035,2252433.906,48389520.699,19926700.787,28077087.085,5666676.834,6377504.353,1768723.876,4903503.63,1221190.633,4293834.064,4067316.886,3579419.583,740273.019,5267842.0,4029689.798,8172781.812,1961120.859,1.3154,0.4261
22:59:34.956,focus,26303869.075,10413564.617,11020319.7,1861074.719,42385653.677,21191125.428,18630867.528,3230977.921,31539461.071,18344308.916,11317744.888,1813498.426,31361999.894,13786690.867,12118992.035,2252433.906,48389520.699,19926700.787,28077087.085,5666676.834,6377504.353,1768723.876,4903503.63,1221190.633,4293834.064,4067316.886,3579419.583,740273.019,5267842.0,4029689.798,8172781.812,1961120.859,1.3154,0.4261
22:59:35.094,focus,24903735.255,11400972.793,12832529.998,1910711.069,46203371.999,22207281.133,24276583.067,4130050.271,35315109.708,17330283.186,12788994.575,1980855.505,37189616.846,10791384.422,13841512.995,2825738.887,51098421.968,19096008.083,27445803.313,5769833.025,5724815.144,1776167.396,4545507.897,1173845.333,3840480.115,7687320.052,9399884.596,1292199.772,5536440.747,4386496.739,10007536.346,1923060.372,1.4675,0.5076
22:59:35.227,focus,24903735.255,11400972.793,12832529.998,1910711.069,46203371.999,22207281.133,24276583.067,4130050.271,35315109.708,17330283.186,12788994.575,1980855.505,37189616.846,10791384.422,13841512.995,2825738.887,51098421.968,19096008.083,27445803.313,5769833.025,5724815.144,1776167.396,4545507.897,1173845.333,3840480.115,7687320.052,9399884.596,1292199.772,5536440.747,4386496.739,10007536.346,1923060.372,1.4675,0.5076
22:59:35.349,focus,24903735.255,11400972.793,12832529.998,1910711.069,46203371.999,22207281.133,24276583.067,4130050.271,35315109.708,17330283.186,12788994.575,1980855.505,37189616.846,10791384.422,13841512.995,2825738.887,51098421.968,19096008.083,27445803.313,5769833.025,5724815.144,1776167.396,4545507.897,1173845.333,3840480.115,7687320.052,9399884.596,1292199.772,5536440.747,4386496.739,10007536.346,1923060.372,1.4675,0.5076
22:59:35.488,focus,24903735.255,11400972.793,12832529.998,1910711.069,46203371.999,22207281.133,24276583.067,4130050.271,35315109.708,17330283.186,12788994.575,1980855.505,37189616.846,10791384.422,13841512.995,2825738.887,51098421.968,19096008.083,27445803.313,5769833.025,5724815.144,1776167.396,4545507.897,1173845.333,3840480.115,7687320.052,9399884.596,1292199.772,5536440.747,4386496.739,10007536.346,1923060.372,1.4675,0.5076
22:59:35.621,focus,16350232.958,8005773.603,13363573.434,3729055.735,47840396.958,22899091.426,22119069.938,3567586.543,38136148.541,19050415.445,15769944.836,1573482.627,39414255.057,15411179.249,20843318.458,2989093.01,43926955.722,16855365.292,26457404.94,5679565.204,4377989.494,1258741.422,4071558.796,1175090.417,4415190.673,8909247.853,8987118.788,1381168.703,5725611.941,5361527.301,10073748.946,2322549.137,1.5634,0.5322
22:59:35.761,focus,16350232.958,8005773.603,13363573.434,3729055.735,47840396.958,22899091.426,22119069.938,3567586.543,38136148.541,19050415.445,15769944.836,1573482.627,39414255.057,15411179.249,20843318.458,2989093.01,43926955.722,16855365.292,26457404.94,5679565.204,4377989.494,1258741.422,4071558.796,1175090.417,4415190.673,8909247.853,8987118.788,1381168.703,5725611.941,5361527.301,10073748.946,2322549.137,1.5634,0.5322
22:59:35.894,focus,16350232.958,8005773.603,13363573.434,3729055.735,47840396.958,22899091.426,22119069.938,3567586.543,38136148.541,19050415.445,15769944.836,1573482.627,39414255.057,15411179.249,20843318.458,2989093.01,43926955.722,16855365.292,26457404.94,5679565.204,4377989.494,1258741.422,4071558.796,1175090.417,4415190.673,8909247.853,8987118.788,1381168.703,5725611.941,5361527.301,10073748.946,2322549.137,1.5634,0.5322
22:59:36.020,focus,16350232.958,8005773.603,13363573.434,3729055.735,47840396.958,22899091.426,22119069.938,3567586.543,38136148.541,19050415.445,15769944.836,1573482.627,39414255.057,15411179.249,20843318.458,2989093.01,43926955.722,16855365.292,26457404.94,5679565.204,4377989.494,1258741.422,4071558.796,1175090.417,4415190.673,8909247.853,8987118.788,1381168.703,5725611.941,5361527.301,10073748.946,2322549.137,1.5634,0.5322
22:59:36.155,focus,25574192.495,13211943.864,11293555.093,2190815.827,44735289.367,21754686.779,21326914.317,3653454.257,30002846.704,19973032.591,15521363.425,1803525.061,38236888.876,13771309.533,17380048.234,3655671.622,38647440.109,9516544.806,20476161.219,4879342.837,4161045.953,1113636.388,2890177.937,877808.944,4823376.298,9001705.038,9798750.68,2018573.14,6714252.854,6029582.575,11187004.117,2317672.64,1.4456,0.477
22:59:36.291,focus,25574192.495,13211943.864,11293555.093,2190815.827,44735289.367,21754686.779,21326914.317,3653454.257,30002846.704,19973032.591,15521363.425,1803525.061,38236888.876,13771309.533,17380048.234,3655671.622,38647440.109,9516544.806,20476161.219,4879342.837,4161045.953,1113636.388,2890177.937,877808.944,4823376.298,9001705.038,9798750.68,2018573.14,6714252.854,6029582.575,11187004.117,2317672.64,1.4456,0.477
22:59:36.427,focus,25574192.495,13211943.864,11293555.093,2190815.827,44735289.367,21754686.779,21326914.317,3653454.257,30002846.704,19973032.591,15521363.425,1803525.061,38236888.876,13771309.533,17380048.234,3655671.622,38647440.109,9516544.806,20476161.219,4879342.837,4161045.953,1113636.388,2890177.937,877808.944,4823376.298,9001705.038,9798750.68,2018573.14,6714252.854,6029582.575,11187004.117,2317672.64,1.4456,0.477
22:59:36.552,focus,64985679.15,8403132.768,13516683.792,2203491.268,74295706.027,26020047.032,33214731.453,4087045.044,52150556.648,20118078.191,18836831.929,2901777.274,66938671.326,21035748.638,25882529.158,4929537.319,41702820.44,10989603.474,23637330.996,5801579.885,5029443.546,1044606.116,3201280.177,907227.332,28909088.027,20964110.117,15963835.752,3768867.144,17544105.293,11033329.132,16816845.99,3228457.44,1.5691,0.3693
22:59:36.690,focus,64985679.15,8403132.768,13516683.792,2203491.268,74295706.027,26020047.032,33214731.453,4087045.044,52150556.648,20118078.191,18836831.929,2901777.274,66938671.326,21035748.638,25882529.158,4929537.319,41702820.44,10989603.474,23637330.996,5801579.885,5029443.546,1044606.116,3201280.177,907227.332,28909088.027,20964110.117,15963835.752,3768867.144,17544105.293,11033329.132,16816845.99,3228457.44,1.5691,0.3693
22:59:36.824,focus,64985679.15,8403132.768,13516683.792,2203491.268,74295706.027,26020047.032,33214731.453,4087045.044,52150556.648,20118078.191,18836831.929,2901777.274,66938671.326,21035748.638,25882529.158,4929537.319,41702820.44,10989603.474,23637330.996,5801579.885,5029443.546,1044606.116,3201280.177,907227.332,28909088.027,20964110.117,15963835.752,3768867.144,17544105.293,11033329.132,16816845.99,3228457.44,1.5691,0.3693
22:59:36.963,focus,64985679.15,8403132.768,13516683.792,2203491.268,74295706.027,26020047.032,33214731.453,4087045.044,52150556.648,20118078.191,18836831.929,2901777.274,66938671.326,21035748.638,25882529.158,4929537.319,41702820.44,10989603.474,23637330.996,5801579.885,5029443.546,1044606.116,3201280.177,907227.332,28909088.027,20964110.117,15963835.752,3768867.144,17544105.293,11033329.132,16816845.99,3228457.44,1.5691,0.3693
22:59:37.098,focus,31466308.528,10415314.521,7617720.33,1677460.44,35095158.275,20286823.055,17952133.911,3209578.015,26281256.457,18793891.369,14849321.113,2127896.311,39311096.49,14414064.378,16055488.799,4153599.799,36085948.276,10092426.463,20311012.392,5596695.098,4660988.536,1172264.081,2842879.999,809475.057,31748495.264,20783573.497,16227357.863,3821866.02,16217977.542,13051845.616,15606046.3,2893137.992,1.2418,0.3629
22:59:37.234,focus,31466308.528,10415314.521,7617720.33,1677460.44,35095158.275,20286823.055,17952133.911,3209578.015,26281256.457,18793891.369,14849321.113,2127896.311,39311096.49,14414064.378,16055488.799,4153599.799,36085948.276,10092426.463,20311012.392,5596695.098,4660988.536,1172264.081,2842879.999,809475.057,31748495.264,20783573.497,16227357.863,3821866.02,16217977.542,13051845.616,15606046.3,2893137.992,1.2418,0.3629
22:59:37.358,focus,31466308.528,10415314.521,7617720.33,1677460.44,35095158.275,20286823.055,17952133.911,3209578.015,26281256.457,18793891.369,14849321.113,2127896.311,39311096.49,14414064.378,16055488.799,4153599.799,36085948.276,10092426.463,20311012.392,5596695.098,4660988.536,1172264.081,2842879.999,809475.057,31748495.264,20783573.497,16227357.863,3821866.02,16217977.542,13051845.616,15606046.3,2893137.992,1.2418,0.3629
22:59:37.495,focus,32382698.522,11241012.304,8112318.243,1672634.022,34266926.964,23844770.976,17596662.684,3501609.629,24435597.017,17775147.716,13326363.353,2015730.812,37631753.72,13167518.997,14601763.109,3809846.921,29574209.312,8047496.811,18889827.426,5391491.53,3929459.164,847914.199,2758110.538,733542.15,30886060.525,20612933.752,15813301.819,3754352.929,17150941.318,12879438.855,15515070.324,2959358.828,1.3613,0.3744
22:59:37.632,focus,32382698.522,11241012.304,8112318.243,1672634.022,34266926.964,23844770.976,17596662.684,3501609.629,24435597.017,17775147.716,13326363.353,2015730.812,37631753.72,13167518.997,14601763.109,3809846.921,29574209.312,8047496.811,18889827.426,5391491.53,3929459.164,847914.199,2758110.538,733542.15,30886060.525,20612933.752,15813301.819,3754352.929,17150941.318,12879438.855,15515070.324,2959358.828,1.3613,0.3744
22:59:37.767,focus,32382698.522,11241012.304,8112318.243,1672634.022,34266926.964,23844770.976,17596662.684,3501609.629,24435597.017,17775147.716,13326363.353,2015730.812,37631753.72,13167518.997,14601763.109,3809846.921,29574209.312,8047496.811,18889827.426,5391491.53,3929459.164,847914.199,2758110.538,733542.15,30886060.525,20612933.752,15813301.819,3754352.929,17150941.318,12879438.855,15515070.324,2959358.828,1.3613,0.3744
22:59:37.905,focus,32382698.522,11241012.304,8112318.243,1672634.022,34266926.964,23844770.976,17596662.684,3501609.629,24435597.017,17775147.716,13326363.353,2015730.812,37631753.72,13167518.997,14601763.109,3809846.921,29574209.312,8047496.811,18889827.426,5391491.53,3929459.164,847914.199,2758110.538,733542.15,30886060.525,20612933.752,15813301.819,3754352.929,17150941.318,12879438.855,15515070.324,2959358.828,1.3613,0.3744
22:59:38.041,focus,30433209.207,9855124.49,7457187.126,1522979.748,21866286.653,17770737.433,14491652.333,2473115.699,22827701.72,17132625.348,12369725.819,1744319.669,35022712.307,11436370.621,11734022.815,2752560.851,21363884.371,6083553.853,7159922.479,1880623.928,3314300.444,821590.237,1316211.314,298315.972,30570780.273,20335301.522,15543057.351,3541992.762,19396307.424,12942157.318,13663731.104,2142701.955,0.9899,0.3025
22:59:38.174,focus,30433209.207,9855124.49,7457187.126,1522979.748,21866286.653,17770737.433,14491652.333,2473115.699,22827701.72,17132625.348,12369725.819,1744319.669,35022712.307,11436370.621,11734022.815,2752560.851,21363884.371,6083553.853,7159922.479,1880623.928,3314300.444,821590.237,1316211.314,298315.972,30570780.273,20335301.522,15543057.351,3541992.762,19396307.424,12942157.318,13663731.104,2142701.955,0.9899,0.3025
22:59:38.297,focus,30433209.207,9855124.49,7457187.126,1522979.748,21866286.653,17770737.433,14491652.333,2473115.699,22827701.72,17132625.348,12369725.819,1744319.669,35022712.307,11436370.621,11734022.815,2752560.851,21363884.371,6083553.853,7159922.479,1880623.928,3314300.444,821590.237,1316211.314,298315.972,30570780.273,20335301.522,15543057.351,3541992.762,19396307.424,12942157.318,13663731.104,2142701.955,0.9899,0.3025
22:59:38.422,focus,30433209.207,9855124.49,7457187.126,1522979.748,21866286.653,17770737.433,14491652.333,2473115.699,22827701.72,17132625.348,12369725.819,1744319.669,35022712.307,11436370.621,11734022.815,2752560.851,21363884.371,6083553.853,7159922.479,1880623.928,3314300.444,821590.237,1316211.314,298315.972,30570780.273,20335301.522,15543057.351,3541992.762,19396307.424,12942157.318,13663731.104,2142701.955,0.9899,0.3025
22:59:38.557,focus,28084072.188,9675112.137,8036686.303,1628194.168,21588829.694,15805399.854,14086756.644,2283546.273,20338926.963,11510487.229,10925894.265,1525353.611,36402717.033,10572102.18,11523854.059,2683536.225,12072294.445,5107730.476,5243892.63,1524524.35,2899080.645,882248.391,1011722.853,183525.478,29602848.228,19344505.698,14906951.12,3329917.335,15443759.621,12595688.929,12514549.788,2017650.442,0.9623,0.3127
22:59:38.693,focus,28084072.188,9675112.137,8036686.303,1628194.168,21588829.694,15805399.854,14086756.644,2283546.273,20338926.963,11510487.229,10925894.265,1525353.611,36402717.033,10572102.18,11523854.059,2683536.225,12072294.445,5107730.476,5243892.63,1524524.35,2899080.645,882248.391,1011722.853,183525.478,29602848.228,19344505.698,14906951.12,3329917.335,15443759.621,12595688.929,12514549.788,2017650.442,0.9623,0.3127
22:59:38.828,focus,28084072.188,9675112.137,8036686.303,1628194.168,21588829.694,15805399.854,14086756.644,2283546.273,20338926.963,11510487.229,10925894.265,1525353.611,36402717.033,10572102.18,11523854.059,2683536.225,12072294.445,5107730.476,5243892.63,1524524.35,2899080.645,882248.391,1011722.853,183525.478,29602848.228,19344505.698,14906951.12,3329917.335,15443759.621,12595688.929,12514549.788,2017650.442,0.9623,0.3127
22:59:38.952,focus,30048532.131,9208687.776,7545683.904,1645481.684,17151669.501,12686109.363,9494481.603,2553588.948,13126816.014,10579206.235,8950803.696,1332873.524,29991711.462,7105182.684,8767362.586,2062689.573,5551036.796,4691429.911,4543500.869,1401774.759,2281152.93,731863.061,702146.376,134645.816,29943859.799,17330102.705,11003718.293,3123743.847,15393370.488,11949683.215,9879092.419,1710689.099,0.8797,0.2994
22:59:39.085,focus,30048532.131,9208687.776,7545683.904,1645481.684,17151669.501,12686109.363,9494481.603,2553588.948,13126816.014,10579206.235,8950803.696,1332873.524,29991711.462,7105182.684,8767362.586,2062689.573,5551036.796,4691429.911,4543500.869,1401774.759,2281152.93,731863.061,702146.376,134645.816,29943859.799,17330102.705,11003718.293,3123743.847,15393370.488,11949683.215,9879092.419,1710689.099,0.8797,0.2994
22:59:39.211,focus,30048532.131,9208687.776,7545683.904,1645481.684,17151669.501,12686109.363,9494481.603,2553588.948,13126816.014,10579206.235,8950803.696,1332873.524,29991711.462,7105182.684,8767362.586,2062689.573,5551036.796,4691429.911,4543500.869,1401774.759,2281152.93,731863.061,702146.376,134645.816,29943859.799,17330102.705,11003718.293,3123743.847,15393370.488,11949683.215,9879092.419,1710689.099,0.8797,0.2994
22:59:39.345,focus,30048532.131,9208687.776,7545683.904,1645481.684,17151669.501,12686109.363,9494481.603,2553588.948,13126816.014,10579206.235,8950803.696,1332873.524,29991711.462,7105182.684,8767362.586,2062689.573,5551036.796,4691429.911,4543500.869,1401774.759,2281152.93,731863.061,702146.376,134645.816,29943859.799,17330102.705,11003718.293,3123743.847,15393370.488,11949683.215,9879092.419,1710689.099,0.8797,0.2994
22:59:39.480,focus,22043919.551,6738311.234,4094065.815,1024553.932,18417442.042,13963282.908,8502227.685,1973747.169,13473975.318,10820045.073,6423573.897,1192522.651,25840177.542,7482430.458,7514373.361,1818316.566,4952562.131,3832506.093,3479055.016,1269963.796,2139859.052,827069.066,701014.357,116369.225,29448601.915,13359889.531,8971226.599,2757919.648,15726185.604,11206405.5,8730692.04,1687744.926,0.7525,0.2576
22:59:39.616,focus,22043919.551,6738311.234,4094065.815,1024553.932,18417442.042,13963282.908,8502227.685,1973747.169,13473975.318,10820045.073,6423573.897,1192522.651,25840177.542,7482430.458,7514373.361,1818316.566,4952562.131,3832506.093,3479055.016,1269963.796,2139859.052,827069.066,701014.357,116369.225,29448601.915,13359889.531,8971226.599,2757919.648,15726185.604,11206405.5,8730692.04,1687744.926,0.7525,0.2576
22:59:39.750,focus,22043919.551,6738311.234,4094065.815,1024553.932,18417442.042,13963282.908,8502227.685,1973747.169,13473975.318,10820045.073,6423573.897,1192522.651,25840177.542,7482430.458,7514373.361,1818316.566,4952562.131,3832506.093,3479055.016,1269963.796,2139859.052,827069.066,701014.357,116369.225,29448601.915,13359889.531,8971226.599,2757919.648,15726185.604,11206405.5,8730692.04,1687744.926,0.7525,0.2576
22:59:39.873,focus,22043919.551,6738311.234,4094065.815,1024553.932,18417442.042,13963282.908,8502227.685,1973747.169,13473975.318,10820045.073,6423573.897,1192522.651,25840177.542,7482430.458,7514373.361,1818316.566,4952562.131,3832506.093,3479055.016,1269963.796,2139859.052,827069.066,701014.357,116369.225,29448601.915,13359889.531,8971226.599,2757919.648,15726185.604,11206405.5,8730692.04,1687744.926,0.7525,0.2576
22:59:40.010,focus,13384121.571,5919971.121,4565128.049,1045938.199,5005907.263,8875928.822,4577937.962,863469.039,9724608.483,3310852.124,3046268.819,940451.152,16803558.563,4950167.716,4073255.887,1529212.318,5061781.973,2621547.64,2250000.129,1174433.417,1735608.076,745937.318,683058.384,103540.166,27368467.337,11865054.63,7476756.753,2080797.824,12345640.927,9866416.118,7759544.405,1226908.776,0.7776,0.2619
22:59:40.145,focus,13384121.571,5919971.121,4565128.049,1045938.199,5005907.263,8875928.822,4577937.962,863469.039,9724608.483,3310852.124,3046268.819,940451.152,16803558.563,4950167.716,4073255.887,1529212.318,5061781.973,2621547.64,2250000.129,1174433.417,1735608.076,745937.318,683058.384,103540.166,27368467.337,11865054.63,7476756.753,2080797.824,12345640.927,9866416.118,7759544.405,1226908.776,0.7776,0.2619
22:59:40.282,focus,13384121.571,5919971.121,4565128.049,1045938.199,5005907.263,8875928.822,4577937.962,863469.039,9724608.483,3310852.124,3046268.819,940451.152,16803558.563,4950167.716,4073255.887,1529212.318,5061781.973,2621547.64,2250000.129,1174433.417,1735608.076,745937.318,683058.384,103540.166,27368467.337,11865054.63,7476756.753,2080797.824,12345640.927,9866416.118,7759544.405,1226908.776,0.7776,0.2619
22:59:40.419,focus,5662561.617,9768169.318,2805292.558,1481587.454,2446595.535,7813330.919,1916817.981,734194.384,6504406.716,2386437.356,1934273.339,1018186.27,6313776.762,2737920.566,2149908.829,1033594.99,3063564.512,1826713.852,1840075.066,1058201.848,1296615.985,608928.839,523224.949,106388.376,32264788.878,11796490.394,5464011.895,2101062.11,9396861.199,10605825.361,6741335.622,1247269.85,0.6367,0.2419
22:59:40.552,focus,5662561.617,9768169.318,2805292.558,1481587.454,2446595.535,7813330.919,1916817.981,734194.384,6504406.716,2386437.356,1934273.339,1018186.27,6313776.762,2737920.566,2149908.829,1033594.99,3063564.512,1826713.852,1840075.066,1058201.848,1296615.985,608928.839,523224.949,106388.376,32264788.878,11796490.394,5464011.895,2101062.11,9396861.199,10605825.361,6741335.622,1247269.85,0.6367,0.2419
22:59:40.674,focus,5662561.617,9768169.318,2805292.558,1481587.454,2446595.535,7813330.919,1916817.981,734194.384,6504406.716,2386437.356,1934273.339,1018186.27,6313776.762,2737920.566,2149908.829,1033594.99,3063564.512,1826713.852,1840075.066,1058201.848,1296615.985,608928.839,523224.949,106388.376,32264788.878,11796490.394,5464011.895,2101062.11,9396861.199,10605825.361,6741335.622,1247269.85,0.6367,0.2419
22:59:40.798,focus,5662561.617,9768169.318,2805292.558,1481587.454,2446595.535,7813330.919,1916817.981,734194.384,6504406.716,2386437.356,1934273.339,1018186.27,6313776.762,2737920.566,2149908.829,1033594.99,3063564.512,1826713.852,1840075.066,1058201.848,1296615.985,608928.839,523224.949,106388.376,32264788.878,11796490.394,5464011.895,2101062.11,9396861.199,10605825.361,6741335.622,1247269.85,0.6367,0.2419
22:59:40.935,focus,5432452.789,1970419.565,1966530.216,405272.681,33153.683,6764.509,5105.439,975.74,33203.576,6771.817,5113.24,977.163,2359753.049,838435.936,836318.755,172877.329,233971.529,84041.946,84671.066,17508.045,955777.006,347347.396,347114.335,71392.691,3448.224,1386.064,1480.921,355.778,2038654.27,753746.214,755344.176,154882.967,0.9478,0.2366
22:59:41.069,focus,5432452.789,1970419.565,1966530.216,405272.681,33153.683,6764.509,5105.439,975.74,33203.576,6771.817,5113.24,977.163,2359753.049,838435.936,836318.755,172877.329,233971.529,84041.946,84671.066,17508.045,955777.006,347347.396,347114.335,71392.691,3448.224,1386.064,1480.921,355.778,2038654.27,753746.214,755344.176,154882.967,0.9478,0.2366
22:59:41.190,focus,5432452.789,1970419.565,1966530.216,405272.681,33153.683,6764.509,5105.439,975.74,33203.576,6771.817,5113.24,977.163,2359753.049,838435.936,836318.755,172877.329,233971.529,84041.946,84671.066,17508.045,955777.006,347347.396,347114.335,71392.691,3448.224,1386.064,1480.921,355.778,2038654.27,753746.214,755344.176,154882.967,0.9478,0.2366
22:59:41.314,focus,5432452.789,1970419.565,1966530.216,405272.681,33153.683,6764.509,5105.439,975.74,33203.576,6771.817,5113.24,977.163,2359753.049,838435.936,836318.755,172877.329,233971.529,84041.946,84671.066,17508.045,955777.006,347347.396,347114.335,71392.691,3448.224,1386.064,1480.921,355.778,2038654.27,753746.214,755344.176,154882.967,0.9478,0.2366
22:59:41.445,focus,5290822.873,1914919.277,1916126.697,394738.259,334552.647,120601.323,120992.523,24883.537,335075.457,120789.466,121181.054,24920.463,2753144.133,997878.596,996782.588,205906.156,301171.474,108551.356,108470.032,22464.83,805498.045,292578.374,291861.767,59860.337,2355.39,840.466,1006.566,254.581,1643904.605,594775.771,595638.116,122096.698,1.0252,0.2719
22:59:41.569,focus,5290822.873,1914919.277,1916126.697,394738.259,334552.647,120601.323,120992.523,24883.537,335075.457,120789.466,121181.054,24920.463,2753144.133,997878.596,996782.588,205906.156,301171.474,108551.356,108470.032,22464.83,805498.045,292578.374,291861.767,59860.337,2355.39,840.466,1006.566,254.581,1643904.605,594775.771,595638.116,122096.698,1.0252,0.2719
22:59:41.704,focus,5290822.873,1914919.277,1916126.697,394738.259,334552.647,120601.323,120992.523,24883.537,335075.457,120789.466,121181.054,24920.463,2753144.133,997878.596,996782.588,205906.156,301171.474,108551.356,108470.032,22464.83,805498.045,292578.374,291861.767,59860.337,2355.39,840.466,1006.566,254.581,1643904.605,594775.771,595638.116,122096.698,1.0252,0.2719
22:59:41.827,focus,5076105.506,1834770.62,1838097.308,378346.601,310279.667,111412.681,112064.572,23173.558,310751.617,111590.102,112236.363,23209.249,2869998.001,1044048.167,1040128.603,214020.442,389818.594,142770.086,139905.083,28734.789,725422.85,263787.225,263436.348,54199.446,1508.966,455.3,645.79,167.06,1571848.198,566182.805,568983.8,117259.082,1.0515,0.2734
22:59:41.952,focus,5076105.506,1834770.62,1838097.308,378346.601,310279.667,111412.681,112064.572,23173.558,310751.617,111590.102,112236.363,23209.249,2869998.001,1044048.167,1040128.603,214020.442,389818.594,142770.086,139905.083,28734.789,725422.85,263787.225,263436.348,54199.446,1508.966,455.3,645.79,167.06,1571848.198,566182.805,568983.8,117259.082,1.0515,0.2734
22:59:42.086,focus,5076105.506,1834770.62,1838097.308,378346.601,310279.667,111412.681,112064.572,23173.558,310751.617,111590.102,112236.363,23209.249,2869998.001,1044048.167,1040128.603,214020.442,389818.594,142770.086,139905.083,28734.789,725422.85,263787.225,263436.348,54199.446,1508.966,455.3,645.79,167.06,1571848.198,566182.805,568983.8,117259.082,1.0515,0.2734
22:59:42.208,focus,5076105.506,1834770.62,1838097.308,378346.601,310279.667,111412.681,112064.572,23173.558,310751.617,111590.102,112236.363,23209.249,2869998.001,1044048.167,1040128.603,214020.442,389818.594,142770.086,139905.083,28734.789,725422.85,263787.225,263436.348,54199.446,1508.966,455.3,645.79,167.06,1571848.198,566182.805,568983.8,117259.082,1.0515,0.2734
22:59:42.331,focus,5074929.335,1836342.784,1839193.16,377106.704,290622.483,105064.963,105752.029,21526.358,291075.474,105224.438,105918.066,21557.121,2971957.093,1078671.657,1074461.393,221823.646,411408.0,149536.977,148613.184,30692.038,730586.294,263979.479,265088.857,54618.595,291.789,91.91,230.982,92.929,1512829.991,546440.119,549410.277,112705.705,1.1909,0.3083
22:59:42.453,focus,5074929.335,1836342.784,1839193.16,377106.704,290622.483,105064.963,105752.029,21526.358,291075.474,105224.438,105918.066,21557.121,2971957.093,1078671.657,1074461.393,221823.646,411408.0,149536.977,148613.184,30692.038,730586.294,263979.479,265088.857,54618.595,291.789,91.91,230.982,92.929,1512829.991,546440.119,549410.277,112705.705,1.1909,0.3083
22:59:42.576,focus,5074929.335,1836342.784,1839193.16,377106.704,290622.483,105064.963,105752.029,21526.358,291075.474,105224.438,105918.066,21557.121,2971957.093,1078671.657,1074461.393,221823.646,411408.0,149536.977,148613.184,30692.038,730586.294,263979.479,265088.857,54618.595,291.789,91.91,230.982,92.929,1512829.991,546440.119,549410.277,112705.705,1.1909,0.3083
